<?xml version="1.0" encoding="utf-8"?>
<gmi:MI_Metadata xmlns:xsi="http://www.w3.org/2001/XMLSchema-instance" xsi:noNamespaceSchemaLocation="..\PSC-SL-411-0032-CG_Schemas\Muscate_Metadata.xsd" xmlns:eos="http://earthdata.nasa.gov/schema/eos" xmlns:gco="http://www.isotc211.org/2005/gco" xmlns:gmd="http://www.isotc211.org/2005/gmd" xmlns:gml="http://www.opengis.net/gml/3.2" xmlns:gmi="http://www.isotc211.org/2005/gmi" xmlns:gmx="http://www.isotc211.org/2005/gmx" xmlns:gsr="http://www.isotc211.org/2005/gmr" xmlns:gss="http://www.isotc211.org/2005/gss" xmlns:gts="http://www.isotc211.org/2005/gts" xmlns:swe="http://schemas.opengis.net/sweCommon/2.0/" xmlns:srv="http://www.isotc211.org/2005/srv" xmlns:xlink="http://www.w3.org/1999/xlink" xmlns:xs="http://www.w3.org/2001/XMLSchema">
  <gmd:fileIdentifier>
    <gco:CharacterString>OSO_20200101_VECTOR_departement_02</gco:CharacterString>
  </gmd:fileIdentifier>
  <gmd:language>
    <gco:CharacterString>eng</gco:CharacterString>
  </gmd:language>
  <gmd:characterSet>
    <gmd:MD_CharacterSetCode>utf8</gmd:MD_CharacterSetCode>
  </gmd:characterSet>
  <gmd:contact>
    <gco:CharacterString>MUSCATE</gco:CharacterString>
  </gmd:contact>
  <gmd:locale>
    <gmd:PT_Locale>
      <gmd:country type="Tile">FRANCE</gmd:country>
    </gmd:PT_Locale>
  </gmd:locale>
  <gmd:dateStamp>
    <gco:DateTime>2021-12-02T05:01:10Z</gco:DateTime>
  </gmd:dateStamp>
  <gmd:metadataStandardName>
    <gco:CharacterString>ISO 19115-2 Geographic Information - Metadata Part 2 Extensions for imagery and gridded data</gco:CharacterString>
  </gmd:metadataStandardName>
  <gmd:metadataStandardVersion>
    <gco:CharacterString>ISO 19115-2:2009(E)</gco:CharacterString>
  </gmd:metadataStandardVersion>
  <gmd:MD_DataIdentification>
    <gmd:citation>
      <gmd:CI_citation>
        <gmd:title>
          <gco:CharacterString>Produit carte d'occupation des sols</gco:CharacterString>
        </gmd:title>
        <gmd:date>
          <gmd:CI_Date>
            <gmd:date>
              <gco:DateTime>2020-01-01T00:00:00Z</gco:DateTime>
            </gmd:date>
            <gmd:dateType>
              <gmd:CI_DateTypeCode>ACQUISITION_DATE</gmd:CI_DateTypeCode>
            </gmd:dateType>
          </gmd:CI_Date>
        </gmd:date>
        <gmd:date>
          <gmd:CI_Date>
            <gmd:date>
              <gco:DateTime>2021-12-02T05:01:10Z</gco:DateTime>
            </gmd:date>
            <gmd:dateType>
              <gmd:CI_DateTypeCode>PRODUCTION_DATE</gmd:CI_DateTypeCode>
            </gmd:dateType>
          </gmd:CI_Date>
        </gmd:date>
        <gmd:series>
          <gmd:CI_Series>
            <gmd:name>
              <gco:CharacterString>L3B-OSO</gco:CharacterString>
            </gmd:name>
          </gmd:CI_Series>
        </gmd:series>
        <gmd:authority>
          <gco:CharacterString>THEIA</gco:CharacterString>
        </gmd:authority>
        <gmd:identifier>
          <gmd:MD_Identifier>
            <gmd:code>
              <gco:CharacterString>OSO_20200101_VECTOR_departement_02_V1-0</gco:CharacterString>
            </gmd:code>
            <gmd:version>
              <gco:CharacterString>1.0</gco:CharacterString>
            </gmd:version>
          </gmd:MD_Identifier>
        </gmd:identifier>
        <gmd:identifier>
          <gmd:MD_Identifier>
            <gmd:code>
              <gco:CharacterString>OSO</gco:CharacterString>
            </gmd:code>
            <gmd:description>
              <gco:CharacterString>PROJECT</gco:CharacterString>
            </gmd:description>
          </gmd:MD_Identifier>
        </gmd:identifier>
        <gmd:extent>
          <gmd:geographicElement>
            <gmd:westBoundLatitude>
              <gco:Decimal>50.0714041</gco:Decimal>
            </gmd:westBoundLatitude>
            <gmd:westBoundLongitude>
              <gco:Decimal>2.9579833</gco:Decimal>
            </gmd:westBoundLongitude>
            <gmd:eastBoundLatitude>
              <gco:Decimal>50.0714041</gco:Decimal>
            </gmd:eastBoundLatitude>
            <gmd:eastBoundLongitude>
              <gco:Decimal>4.2598596</gco:Decimal>
            </gmd:eastBoundLongitude>
            <gmd:southBoundLatitude>
              <gco:Decimal>48.832987</gco:Decimal>
            </gmd:southBoundLatitude>
            <gmd:southBoundLongitude>
              <gco:Decimal>4.2598596</gco:Decimal>
            </gmd:southBoundLongitude>
            <gmd:northBoundLatitude>
              <gco:Decimal>48.832987</gco:Decimal>
            </gmd:northBoundLatitude>
            <gmd:northBoundLongitude>
              <gco:Decimal>2.9579833</gco:Decimal>
            </gmd:northBoundLongitude>
          </gmd:geographicElement>
        </gmd:extent>
        <gmd:descriptiveKeywords>
          <gmd:MD_Keywords/>
          <gmd:keyword>
            <gmx:Anchor xlink:href="https://gcmd.earthdata.nasa.gov/kms/concept/75c312bc-79f9-4d74-a7c0-3c67c019196c">Land cover classification</gmx:Anchor>
          </gmd:keyword>
          <gmd:keyword>
            <gmx:Anchor xlink:href="https://gcmd.earthdata.nasa.gov/kms/concept/e5815f58-8232-4c7f-b50d-ea71d73891a9">Land cover</gmx:Anchor>
          </gmd:keyword>
          <gmd:keyword>
            <gmx:Anchor xlink:href="https://gcmd.earthdata.nasa.gov/kms/concept/2ce20983-98b2-40b9-bb0e-a08074fb93b3">Sentinel - 2</gmx:Anchor>
          </gmd:keyword>
        </gmd:descriptiveKeywords>
      </gmd:CI_citation>
    </gmd:citation>
  </gmd:MD_DataIdentification>
  <gmd:MD_Distribution>
    <gmd:citation>
      <gmd:CI_Citation>
        <gmd:MD_Format>
          <gmd:title>
            <gco:CharacterString>OSO_20200101_VECTOR_departement_02_V1-0_QKL_ALL.png</gco:CharacterString>
          </gmd:title>
          <gmd:distributionFormat>.png</gmd:distributionFormat>
          <gmd:description>
            <gco:CharacterString>QUICKLOOK</gco:CharacterString>
          </gmd:description>
        </gmd:MD_Format>
        <gmd:MD_Format>
          <gmd:title>
            <gco:CharacterString>OSO_20200101_VECTOR_departement_02_V1-0_THB_ALL.png</gco:CharacterString>
          </gmd:title>
          <gmd:distributionFormat>.png</gmd:distributionFormat>
          <gmd:description>
            <gco:CharacterString>THUMBNAIL</gco:CharacterString>
          </gmd:description>
        </gmd:MD_Format>
        <gmd:MD_Format>
          <gmd:title>
            <gco:CharacterString>OSO_20200101_VECTOR_departement_02_V1-0_CLASSIFICATION_PYR_ALL.png</gco:CharacterString>
          </gmd:title>
          <gmd:distributionFormat>.png</gmd:distributionFormat>
          <gmd:description>
            <gco:CharacterString>PYRAMID</gco:CharacterString>
          </gmd:description>
        </gmd:MD_Format>
        <gmd:MD_Format>
          <gmd:title>
            <gco:CharacterString>OSO_20200101_VECTOR_departement_02_V1-0.zip</gco:CharacterString>
          </gmd:title>
          <gmd:distributionFormat>.zip</gmd:distributionFormat>
          <gmd:description>
            <gco:CharacterString>ARCHIVE</gco:CharacterString>
          </gmd:description>
        </gmd:MD_Format>
        <gmd:MD_Format>
          <gmd:title>
            <gco:CharacterString/>
          </gmd:title>
          <gmd:distributionFormat/>
          <gmd:description>
            <gco:CharacterString>EXPERTISE</gco:CharacterString>
          </gmd:description>
        </gmd:MD_Format>
        <gmd:MD_Format>
          <gmd:title>
            <gco:CharacterString>./PUBLIC_METADATA/OSO_20200101_VECTOR_departement_02_V1-0_MTD_ALL.xml</gco:CharacterString>
          </gmd:title>
          <gmd:distributionFormat>.xml</gmd:distributionFormat>
          <gmd:description>
            <gco:CharacterString>PUBLIC_METADATA</gco:CharacterString>
          </gmd:description>
        </gmd:MD_Format>
      </gmd:CI_Citation>
    </gmd:citation>
  </gmd:MD_Distribution>
  <gmi:platform>
    <eos:EOS_Platform>
      <gmi:identifier>
        <gmd:MD_Identifier>
          <gmd:code>
            <gco:CharacterString>OSO</gco:CharacterString>
          </gmd:code>
        </gmd:MD_Identifier>
      </gmi:identifier>
    </eos:EOS_Platform>
  </gmi:platform>
  <gmd:referenceSystemInfo>
    <gmd:MD_ReferenceSystem>
      <gmd:referenceSystemIdentifier>
        <gmd:RS_Identifier>
          <gmd:authority>
            <gmd:CI_Citation>
              <gmd:title>
                <gco:CharacterString>EPSG</gco:CharacterString>
              </gmd:title>
            </gmd:CI_Citation>
            <gmd:CI_Citation>
              <gmd:title>
                <gco:CharacterString>PROJECTED</gco:CharacterString>
              </gmd:title>
              <gmd:description>
                <gco:CharacterString>HORIZONTAL_CS_TYPE</gco:CharacterString>
              </gmd:description>
            </gmd:CI_Citation>
            <gmd:CI_Citation>
              <gmd:title>
                <gco:CharacterString>WGS 84 / UTM zone 15N</gco:CharacterString>
              </gmd:title>
              <gmd:description>
                <gco:CharacterString>HORIZONTAL_CS_NAME</gco:CharacterString>
              </gmd:description>
            </gmd:CI_Citation>
          </gmd:authority>
          <gmd:code>
            <gco:CharacterString>32615</gco:CharacterString>
          </gmd:code>
        </gmd:RS_Identifier>
      </gmd:referenceSystemIdentifier>
    </gmd:MD_ReferenceSystem>
  </gmd:referenceSystemInfo>
</gmi:MI_Metadata>
